City_ID,City,Country,Date,Lat,Lng,Max Temp,Humidity,Cloudiness,Wind Speed
0,Labuhan,ID,2020-11-04 06:03:09,-6.88,112.21,86.86,67,78,10.47
1,Saskylakh,RU,2020-11-04 05:59:51,71.92,114.08,-0.45,92,92,4.14
2,Basco,PH,2020-11-04 06:03:10,20.45,121.97,78.13,73,100,26.89
3,Craig,US,2020-11-04 06:03:10,40.52,-107.55,42.8,74,75,3.36
4,Krivodol,BG,2020-11-04 06:03:10,43.37,23.48,54.09,82,100,6.76
5,Rio Grande,BR,2020-11-04 06:03:10,-32.03,-52.1,57.99,80,4,3.0
6,Punta Arenas,CL,2020-11-04 06:03:10,-53.15,-70.92,44.6,93,90,12.75
7,Nchelenge,ZM,2020-11-04 05:59:22,-9.35,28.73,76.33,64,100,4.25
8,Ushuaia,AR,2020-11-04 05:55:41,-54.8,-68.3,48.2,57,75,3.36
9,Lavrentiya,RU,2020-11-04 06:03:11,65.58,-171.0,16.09,82,0,7.92
10,Souillac,MU,2020-11-04 06:03:11,-20.52,57.52,77.0,53,75,16.11
11,Puerto Ayora,EC,2020-11-04 05:59:30,-0.74,-90.35,68.0,96,94,7.0
12,Qaanaaq,GL,2020-11-04 06:03:11,77.48,-69.36,-3.91,80,78,4.29
13,Flin Flon,CA,2020-11-04 06:00:01,54.77,-101.86,32.52,97,100,1.5
14,Victoria,HK,2020-11-04 05:58:16,22.29,114.16,78.01,60,5,12.21
15,Mataura,NZ,2020-11-04 05:59:19,-46.19,168.86,62.01,80,30,8.01
16,Jamestown,US,2020-11-04 06:03:11,42.1,-79.24,44.01,69,1,8.05
17,Sydney,AU,2020-11-04 06:01:26,-33.87,151.21,78.01,50,0,21.92
18,Kodiak,US,2020-11-04 06:03:12,57.79,-152.41,26.6,45,1,14.99
19,Kapaa,US,2020-11-04 05:59:31,22.08,-159.32,78.8,88,90,9.17
20,Hilo,US,2020-11-04 06:03:12,19.73,-155.09,80.6,78,90,4.83
21,Ribeira Grande,PT,2020-11-04 05:59:37,38.52,-28.7,61.41,66,52,12.3
22,Mar Del Plata,AR,2020-11-04 05:59:13,-38.0,-57.56,60.01,87,40,10.29
23,Mareeba,AU,2020-11-04 06:03:12,-17.0,145.43,89.01,37,96,8.99
24,Henties Bay,NA,2020-11-04 06:03:13,-22.12,14.28,57.0,93,2,6.53
25,Naryan-Mar,RU,2020-11-04 06:03:13,67.67,53.09,39.85,92,100,17.45
26,Atuona,PF,2020-11-04 05:59:24,-9.8,-139.03,78.4,79,16,21.32
27,Brae,GB,2020-11-04 06:03:13,60.4,-1.35,46.4,81,89,23.04
28,Ponta Do Sol,PT,2020-11-04 05:59:31,32.67,-17.1,62.6,72,75,20.8
29,Albany,US,2020-11-04 05:58:07,42.6,-73.97,34.0,78,11,2.62
30,Castro,BR,2020-11-04 05:59:35,-24.79,-50.01,50.68,96,56,4.97
31,Tynda,RU,2020-11-04 06:03:14,55.17,124.72,15.01,91,80,6.15
32,Hermanus,ZA,2020-11-04 05:59:23,-34.42,19.23,68.0,86,71,3.0
33,Port Hawkesbury,CA,2020-11-04 06:03:14,45.62,-61.35,33.01,88,75,13.87
34,Bengkulu,ID,2020-11-04 05:59:39,-3.8,102.27,84.36,65,66,7.58
35,Bredasdorp,ZA,2020-11-04 05:59:25,-34.53,20.04,66.2,93,79,6.93
36,Shimoda,JP,2020-11-04 05:59:24,34.67,138.95,62.6,51,40,8.05
37,Kawhia,NZ,2020-11-04 06:03:15,-38.07,174.82,69.01,68,100,10.0
38,Shumyachi,RU,2020-11-04 06:03:15,53.86,32.42,40.87,93,49,5.77
39,Rikitea,PF,2020-11-04 05:59:22,-23.12,-134.97,73.11,81,46,19.62
40,Westport,US,2020-11-04 06:03:15,41.14,-73.36,39.2,55,75,8.05
41,New Norfolk,AU,2020-11-04 05:59:55,-42.78,147.06,64.99,45,84,4.0
42,Port Alfred,ZA,2020-11-04 05:59:43,-33.59,26.89,70.0,77,98,8.14
43,Asau,RO,2020-11-04 06:03:15,46.43,26.4,45.0,97,93,1.81
44,Umm Bab,QA,2020-11-04 06:03:16,25.21,50.81,75.2,53,20,4.7
45,Bluff,NZ,2020-11-04 05:59:29,-46.6,168.33,62.01,80,26,8.01
46,Tiksi,RU,2020-11-04 05:59:36,71.69,128.87,6.48,95,100,4.94
47,Butaritari,KI,2020-11-04 06:03:16,3.07,172.79,81.64,72,86,16.28
48,Half Moon Bay,US,2020-11-04 05:58:28,37.46,-122.43,55.4,93,90,6.93
49,Vaini,TO,2020-11-04 05:59:23,-21.2,-175.2,77.0,83,75,12.75
50,Georgetown,MY,2020-11-04 05:59:44,5.41,100.34,86.0,74,20,4.7
51,Saint-Pierre,RE,2020-11-04 06:00:00,-21.34,55.48,78.8,47,0,14.99
52,Yellowknife,CA,2020-11-04 06:03:17,62.46,-114.35,6.8,84,90,10.29
53,East London,ZA,2020-11-04 05:59:30,-33.02,27.91,66.2,93,75,8.05
54,Maldonado,UY,2020-11-04 06:01:27,-34.67,-54.92,55.4,82,20,8.05
55,Saint-Philippe,RE,2020-11-04 05:59:44,-21.36,55.77,78.8,47,0,14.99
56,Ayan,RU,2020-11-04 06:03:17,56.45,138.17,16.2,86,99,25.99
57,Campbell River,CA,2020-11-04 06:00:06,50.02,-125.24,50.0,100,90,10.29
58,Lahij,YE,2020-11-04 06:03:18,13.17,44.58,76.75,62,11,7.14
59,Anjiang,CN,2020-11-04 06:03:18,27.32,110.1,63.75,53,99,2.06
60,High Level,CA,2020-11-04 06:03:18,58.52,-117.14,15.8,92,90,8.05
61,Tasiilaq,GL,2020-11-04 05:55:02,65.61,-37.64,32.0,96,100,29.97
62,Santarem,BR,2020-11-04 06:03:18,-2.44,-54.71,77.0,88,75,4.7
63,Bambous Virieux,MU,2020-11-04 05:59:57,-20.34,57.76,77.0,53,75,16.11
64,Mount Gambier,AU,2020-11-04 06:00:12,-37.83,140.77,60.8,55,40,17.22
65,Shaunavon,CA,2020-11-04 06:03:18,49.65,-108.42,53.6,27,18,20.8
66,Petropavlovsk-Kamchatskiy,RU,2020-11-04 05:59:47,53.05,158.65,48.2,29,26,13.42
67,Los Llanos De Aridane,ES,2020-11-04 05:59:28,28.66,-17.92,71.6,83,75,19.46
68,Airai,TL,2020-11-04 05:59:41,-8.93,125.41,79.47,46,97,5.3
69,Nanortalik,GL,2020-11-04 05:59:43,60.14,-45.24,36.79,81,100,16.46
70,Provideniya,RU,2020-11-04 06:03:19,64.38,-173.3,19.38,86,18,7.83
71,Te Anau,NZ,2020-11-04 06:00:00,-45.42,167.72,60.31,80,61,5.44
72,Chuy,UY,2020-11-04 06:03:19,-33.7,-53.46,53.78,75,0,8.03
73,Lahaina,US,2020-11-04 06:03:19,20.88,-156.68,80.6,74,40,16.11
74,Zhigansk,RU,2020-11-04 06:03:20,66.77,123.37,-1.71,90,5,6.93
75,Obera,AR,2020-11-04 06:03:20,-27.49,-55.12,57.56,75,0,5.97
76,Keningau,MY,2020-11-04 05:58:22,5.34,116.16,89.01,79,20,6.93
77,Thompson,CA,2020-11-04 05:59:24,55.74,-97.86,23.0,100,90,2.62
78,Opuwo,NA,2020-11-04 05:59:46,-18.06,13.84,71.24,25,0,1.95
79,Fuerte Olimpo,PY,2020-11-04 06:03:20,-21.04,-57.87,69.58,52,0,2.91
80,Banda Aceh,ID,2020-11-04 06:03:21,5.56,95.32,84.78,66,85,7.67
81,Busselton,AU,2020-11-04 05:59:35,-33.65,115.33,73.0,31,86,4.29
82,Chicama,PE,2020-11-04 06:03:21,-7.84,-79.15,59.5,87,13,1.7
83,Severo-Kurilsk,RU,2020-11-04 05:59:34,50.68,156.12,40.03,74,64,9.66
84,Katherine,AU,2020-11-04 05:59:54,-14.47,132.27,104.0,20,40,4.7
85,Frankfort,ZA,2020-11-04 06:03:21,-27.27,28.48,68.58,54,85,3.96
86,Bambanglipuro,ID,2020-11-04 06:03:21,-7.95,110.28,85.46,64,61,9.13
87,Huarmey,PE,2020-11-04 06:03:22,-10.07,-78.15,60.84,87,3,5.66
88,Saldanha,ZA,2020-11-04 05:59:41,-33.01,17.94,60.8,87,62,5.82
89,Mattru,SL,2020-11-04 06:03:22,7.62,-11.83,73.81,98,26,1.72
90,Vila Franca Do Campo,PT,2020-11-04 06:03:22,37.72,-25.43,59.0,67,75,6.93
91,Newport,GB,2020-11-04 06:01:07,51.59,-3.0,37.4,100,0,3.36
92,Anadyr,RU,2020-11-04 06:01:08,64.75,177.48,14.0,66,20,2.24
93,Mount Isa,AU,2020-11-04 05:59:25,-20.73,139.5,104.0,13,75,6.93
94,Bandundu,CD,2020-11-04 06:03:23,-3.32,17.37,75.76,82,92,1.88
95,Manono,CD,2020-11-04 06:03:23,-7.3,27.42,74.37,87,100,3.02
96,Elko,US,2020-11-04 06:03:23,41.0,-115.5,44.01,41,1,3.4
97,Geraldton,AU,2020-11-04 06:03:23,-28.77,114.6,78.8,41,33,23.04
98,Luanda,AO,2020-11-04 06:03:23,-8.84,13.23,77.32,83,100,10.09
99,Fare,PF,2020-11-04 06:03:23,-16.7,-151.02,80.69,79,100,17.29
100,Port Elizabeth,ZA,2020-11-04 05:59:45,-33.92,25.57,66.2,93,75,8.05
101,Tuy Hoa,VN,2020-11-04 06:03:24,13.08,109.3,80.64,75,99,15.77
102,Yulara,AU,2020-11-04 06:01:13,-25.24,130.99,95.0,17,68,5.82
103,Leshukonskoye,RU,2020-11-04 05:59:45,64.9,45.76,43.09,89,94,8.57
104,Kailua,US,2020-11-04 06:03:24,21.4,-157.74,80.6,83,90,8.05
105,Esperance,AU,2020-11-04 05:59:55,-33.87,121.9,62.6,63,75,17.22
106,Faya,SA,2020-11-04 06:03:24,18.39,42.45,60.8,87,20,3.49
107,La Reforma,MX,2020-11-04 06:03:24,25.08,-108.05,70.0,95,12,1.01
108,Flinders,AU,2020-11-04 05:59:57,-34.58,150.86,77.0,67,79,3.0
109,Cape Town,ZA,2020-11-04 05:58:07,-33.93,18.42,70.0,72,0,10.29
110,Avarua,CK,2020-11-04 05:55:30,-21.21,-159.78,73.4,83,100,8.05
111,Kamyshlov,RU,2020-11-04 06:03:25,56.84,62.71,37.15,77,0,11.1
112,Mbala,ZM,2020-11-04 06:03:25,-8.84,31.37,74.26,38,83,5.14
113,Hithadhoo,MV,2020-11-04 05:58:42,-0.6,73.08,83.8,69,83,6.8
114,Tuktoyaktuk,CA,2020-11-04 05:59:33,69.45,-133.04,12.2,85,90,14.99
115,Arraial Do Cabo,BR,2020-11-04 05:54:49,-22.97,-42.03,66.87,89,100,16.82
116,Vila Velha,BR,2020-11-04 05:59:59,-20.33,-40.29,69.01,88,75,4.68
117,Lake City,US,2020-11-04 06:03:26,30.19,-82.64,46.4,93,1,4.07
118,Jutai,BR,2020-11-04 06:03:26,-5.18,-68.9,74.7,88,97,1.07
119,Poum,NC,2020-11-04 06:03:26,-20.23,164.02,76.46,83,100,13.18
120,Vardo,NO,2020-11-04 06:00:11,70.37,31.11,37.4,74,0,12.75
121,Dalaba,GN,2020-11-04 06:03:26,10.7,-12.25,62.62,88,9,1.41
122,Yar-Sale,RU,2020-11-04 06:03:26,66.83,70.83,26.67,99,100,4.18
123,Lucapa,AO,2020-11-04 06:03:26,-8.42,20.74,71.26,92,100,2.35
124,Litovko,RU,2020-11-04 06:03:27,49.24,135.17,29.75,74,0,21.99
125,Longyearbyen,SJ,2020-11-04 06:03:27,78.22,15.64,30.2,74,40,12.75
126,Takaka,NZ,2020-11-04 06:03:27,-40.85,172.8,63.0,88,90,10.0
127,Hervey Bay,AU,2020-11-04 06:03:27,-25.3,152.85,78.01,60,64,5.99
128,Solnechnyy,RU,2020-11-04 06:03:27,50.72,136.63,28.98,82,23,4.65
129,Rawson,AR,2020-11-04 05:59:35,-43.3,-65.1,72.99,29,74,15.82
130,Lanxi,CN,2020-11-04 06:03:28,29.22,119.48,64.56,52,9,7.38
131,Barrow,US,2020-11-04 05:59:59,71.29,-156.79,15.8,78,90,16.11
132,Burns Lake,CA,2020-11-04 05:59:30,54.23,-125.75,41.0,86,87,4.7
133,Novyy Urengoy,RU,2020-11-04 06:03:28,66.08,76.63,23.07,98,100,8.05
134,Ahipara,NZ,2020-11-04 06:03:28,-35.17,173.17,64.87,84,100,9.95
135,Cherskiy,RU,2020-11-04 05:59:54,68.75,161.3,-4.77,84,6,7.23
136,Ibra,OM,2020-11-04 06:03:29,22.69,58.53,81.77,15,0,2.44
137,Cidreira,BR,2020-11-04 05:59:49,-30.18,-50.21,59.23,81,2,11.12
138,Port Hedland,AU,2020-11-04 05:59:45,-20.32,118.57,98.6,27,0,17.22
139,Constitucion,CL,2020-11-04 05:59:53,-35.33,-72.42,54.01,65,23,10.16
140,Dikson,RU,2020-11-04 05:59:48,73.51,80.55,1.58,92,0,7.87
141,Lebu,CL,2020-11-04 05:59:23,-37.62,-73.65,52.88,88,89,2.89
142,Upernavik,GL,2020-11-04 05:59:26,72.79,-56.15,21.9,97,100,9.08
143,Salalah,OM,2020-11-04 06:03:30,17.02,54.09,80.6,51,0,2.24
144,Artyom,AZ,2020-11-04 06:03:30,40.47,50.33,60.8,87,100,4.7
145,Khatanga,RU,2020-11-04 05:59:42,71.97,102.5,-1.46,93,90,6.85
146,Russell,US,2020-11-04 06:03:30,32.35,-85.2,48.2,87,1,3.04
147,Vung Tau,VN,2020-11-04 06:03:30,10.35,107.08,82.26,76,99,5.12
148,Sao Jose Da Coroa Grande,BR,2020-11-04 06:03:30,-8.9,-35.15,76.75,83,7,7.9
149,Carnarvon,AU,2020-11-04 05:59:28,-24.87,113.63,82.4,54,0,21.92
150,Villazon,BO,2020-11-04 06:03:31,-22.09,-65.59,46.56,58,0,7.23
151,Frederico Westphalen,BR,2020-11-04 06:00:12,-27.36,-53.39,60.01,74,0,6.85
152,Caninde De Sao Francisco,BR,2020-11-04 06:03:31,-9.66,-37.79,74.86,83,50,5.26
153,Ngunguru,NZ,2020-11-04 06:03:31,-35.62,174.5,66.99,90,100,5.01
154,Dicabisagan,PH,2020-11-04 06:03:31,17.08,122.42,77.56,84,98,13.0
155,Broken Hill,AU,2020-11-04 06:03:31,-31.95,141.43,80.6,34,100,14.99
156,Nuristan,AF,2020-11-04 06:03:32,35.3,70.83,36.66,52,0,2.19
157,Dudinka,RU,2020-11-04 06:03:32,69.41,86.18,-4.0,83,14,2.24
158,Bandarbeyla,SO,2020-11-04 06:03:32,9.49,50.81,78.06,71,52,17.87
159,Jawhar,SO,2020-11-04 06:03:32,2.78,45.5,82.2,70,73,4.54
160,Prince Rupert,CA,2020-11-04 06:03:32,54.32,-130.32,44.6,100,90,8.05
161,Omsukchan,RU,2020-11-04 06:03:33,62.53,155.8,15.91,94,100,6.53
162,Faanui,PF,2020-11-04 06:03:33,-16.48,-151.75,79.43,82,100,18.14
163,Nikolskoye,RU,2020-11-04 05:59:34,59.7,30.79,45.0,87,0,4.47
164,Jinchang,CN,2020-11-04 06:03:33,38.5,102.17,49.82,37,99,4.12
165,Bathsheba,BB,2020-11-04 05:59:39,13.22,-59.52,80.6,74,40,17.22
166,Muros,ES,2020-11-04 06:03:33,42.78,-9.06,43.0,94,13,7.85
167,Nioro,GM,2020-11-04 06:03:33,13.35,-15.75,74.97,73,0,4.0
168,Pochutla,MX,2020-11-04 06:03:33,15.74,-96.47,75.0,89,90,3.44
169,Fortuna,US,2020-11-04 06:00:27,40.6,-124.16,55.0,100,90,6.93
170,Neiafu,TO,2020-11-04 06:03:34,-18.65,-173.98,77.0,78,40,14.99
171,Poya,NC,2020-11-04 06:03:34,-21.35,165.15,76.32,76,100,5.93
172,Mahebourg,MU,2020-11-04 05:59:27,-20.41,57.7,77.0,53,75,16.11
173,Kousseri,CM,2020-11-04 06:03:34,12.08,15.03,69.8,40,0,8.05
174,Kruisfontein,ZA,2020-11-04 06:03:34,-34.0,24.73,70.0,83,100,1.01
175,Okhotsk,RU,2020-11-04 06:03:34,59.38,143.3,29.97,92,100,13.49
176,Bundaberg,AU,2020-11-04 06:03:35,-24.85,152.35,80.6,42,30,10.29
177,Gwadar,PK,2020-11-04 06:00:54,25.12,62.33,78.66,46,0,3.96
178,Altoona,US,2020-11-04 06:03:35,40.52,-78.39,43.0,67,5,5.48
179,Aukra,NO,2020-11-04 06:03:35,62.79,6.92,42.8,87,75,18.34
180,Caravelas,BR,2020-11-04 06:00:00,-17.71,-39.25,68.02,90,100,2.55
181,Tarbagatay,RU,2020-11-04 06:03:35,51.48,107.36,30.2,63,75,2.24
182,Kasongo-Lunda,CD,2020-11-04 06:03:36,-6.47,16.82,73.02,93,100,0.94
183,Maraa,BR,2020-11-04 06:03:36,-1.83,-65.37,74.35,96,83,1.5
184,Whitehorse,CA,2020-11-04 06:03:36,60.72,-135.05,1.99,77,75,2.24
185,Antalaha,MG,2020-11-04 06:03:36,-14.9,50.28,76.64,71,95,9.31
186,Ilulissat,GL,2020-11-04 05:59:59,69.22,-51.1,35.6,74,100,11.41
187,Cabo San Lucas,MX,2020-11-04 06:00:00,22.89,-109.91,75.99,81,0,6.4
188,Saint-Leu,RE,2020-11-04 06:03:36,-21.15,55.28,78.8,47,0,14.99
189,San Quintin,MX,2020-11-04 05:59:41,30.48,-115.95,52.0,2,91,3.0
190,Kyritz,DE,2020-11-04 06:03:37,52.94,12.4,45.0,86,66,8.99
191,Goderich,CA,2020-11-04 06:01:18,43.75,-81.72,51.8,57,1,14.99
192,Macusani,PE,2020-11-04 06:03:37,-14.08,-70.43,37.53,80,96,2.66
193,Barra Patuca,HN,2020-11-04 06:03:37,15.8,-84.28,79.77,87,100,19.19
194,Yibin,CN,2020-11-04 06:03:37,28.77,104.62,63.36,64,90,2.82
195,Klaksvik,FO,2020-11-04 06:03:38,62.23,-6.59,44.6,87,87,17.22
196,Yatou,CN,2020-11-04 06:03:38,37.15,122.38,54.91,39,0,9.86
197,Nuuk,GL,2020-11-04 06:03:38,64.18,-51.72,33.8,69,89,39.15
198,Boende,CD,2020-11-04 06:03:38,-0.22,20.87,75.24,97,92,2.13
199,Karratha,AU,2020-11-04 05:55:16,-20.74,116.85,93.25,27,0,14.0
200,Haysville,US,2020-11-04 05:59:40,37.56,-97.35,59.0,47,1,11.41
201,Sao Felix Do Xingu,BR,2020-11-04 05:59:26,-6.64,-51.99,70.52,96,73,1.39
202,Saint-Augustin,CA,2020-11-04 06:03:39,51.23,-58.65,24.08,77,55,14.65
203,Ballina,AU,2020-11-04 06:03:39,-28.87,153.57,78.8,53,0,10.29
204,New Smyrna Beach,US,2020-11-04 06:03:39,29.03,-80.93,64.0,87,20,3.36
205,Kudahuvadhoo,MV,2020-11-04 06:03:39,2.67,72.89,83.46,67,90,4.85
206,La Ronge,CA,2020-11-04 05:59:49,55.1,-105.28,39.2,86,100,2.24
207,Srednekolymsk,RU,2020-11-04 05:59:29,67.45,153.68,-2.42,86,67,14.7
208,Payo,ID,2020-11-04 06:03:39,-3.75,103.64,87.3,65,67,3.58
209,Laguna,US,2020-11-04 05:59:18,38.42,-121.42,55.0,58,1,4.7
210,Nantucket,US,2020-11-04 06:03:40,41.28,-70.1,39.99,61,1,6.93
211,Fushe-Arrez,AL,2020-11-04 06:03:40,42.06,20.02,54.16,80,55,5.5
212,North Platte,US,2020-11-04 06:00:03,41.12,-100.77,35.6,69,1,3.36
213,Palmer,US,2020-11-04 05:59:42,42.16,-72.33,30.99,80,90,1.97
214,Katobu,ID,2020-11-04 06:03:40,-4.94,122.53,91.35,50,61,8.05
215,Narsaq,GL,2020-11-04 05:59:40,60.92,-46.05,33.8,86,100,10.29
216,Askiz,RU,2020-11-04 06:03:40,53.13,90.53,33.57,78,100,17.31
217,Taltal,CL,2020-11-04 05:59:55,-25.4,-70.48,54.88,81,32,3.15
218,Torbay,CA,2020-11-04 05:59:37,47.67,-52.73,46.0,100,90,25.28
219,Salinopolis,BR,2020-11-04 06:03:41,-0.61,-47.36,78.8,83,96,8.75
220,Padang,ID,2020-11-04 06:03:41,-0.95,100.35,85.57,58,100,3.47
221,Sainte-Suzanne,RE,2020-11-04 06:03:41,-20.91,55.61,77.0,47,90,17.22
222,Dolores,AR,2020-11-04 06:03:42,-36.31,-57.68,54.19,89,22,9.26
223,Aklavik,CA,2020-11-04 06:03:42,68.22,-135.01,5.0,84,89,4.7
224,Port Blair,IN,2020-11-04 06:00:15,11.67,92.75,84.9,67,11,7.63
225,Deep River,CA,2020-11-04 06:03:42,46.1,-77.5,28.4,86,90,10.29
226,Plettenberg Bay,ZA,2020-11-04 06:03:42,-34.05,23.37,68.43,76,98,4.29
227,Coahuayana,MX,2020-11-04 05:59:23,18.73,-103.68,74.71,64,0,3.47
228,Bowral,AU,2020-11-04 06:03:43,-34.47,150.42,89.6,24,0,12.75
229,Bethel,US,2020-11-04 05:59:28,41.37,-73.41,34.0,80,75,1.25
230,Buraydah,SA,2020-11-04 05:59:24,26.33,43.98,62.6,36,0,5.82
231,Longkou,CN,2020-11-04 06:03:43,37.65,120.33,59.18,35,0,11.83
232,Kikwit,CD,2020-11-04 06:03:43,-5.04,18.82,73.94,95,100,1.14
233,Yingcheng,CN,2020-11-04 06:03:43,30.95,113.55,68.0,34,0,6.71
234,Araouane,ML,2020-11-04 06:03:44,18.9,-3.53,76.66,18,37,8.63
235,Nianzishan,CN,2020-11-04 06:03:44,47.52,122.88,38.26,55,0,5.73
236,Norman Wells,CA,2020-11-04 06:03:44,65.28,-126.83,-0.4,84,75,3.36
237,Great Yarmouth,GB,2020-11-04 06:03:44,52.61,1.73,37.0,97,0,11.07
238,Viedma,AR,2020-11-04 05:59:44,-40.81,-63.0,70.0,58,100,5.99
239,Katsuura,JP,2020-11-04 05:59:31,35.13,140.3,66.0,39,20,8.05
240,De-Kastri,RU,2020-11-04 06:03:45,51.47,140.78,29.1,86,99,13.33
241,Plainview,US,2020-11-04 06:03:45,40.78,-73.47,42.8,56,1,6.53
242,Sandpoint,US,2020-11-04 06:02:47,48.28,-116.55,46.0,100,90,2.37
243,Port Lincoln,AU,2020-11-04 06:03:45,-34.73,135.87,58.08,64,90,19.44
244,Batagay,RU,2020-11-04 06:03:45,67.63,134.63,-16.85,87,26,1.34
245,Sinop,TR,2020-11-04 06:03:45,41.77,34.87,51.8,87,90,2.24
246,Nemuro,JP,2020-11-04 06:03:46,43.32,145.57,42.8,52,40,5.82
247,Kisangani,CD,2020-11-04 06:03:46,0.52,25.2,73.4,94,90,4.7
248,Santiago Del Estero,AR,2020-11-04 06:03:46,-27.8,-64.26,65.12,47,0,3.51
249,Santa Maria,BR,2020-11-04 06:03:46,-29.68,-53.81,53.67,91,10,7.87
250,Kaitangata,NZ,2020-11-04 05:59:38,-46.28,169.85,64.0,70,3,3.0
251,Moranbah,AU,2020-11-04 06:01:26,-22.0,148.05,90.66,24,0,10.38
252,Ban Nahin,LA,2020-11-04 06:03:46,18.24,104.21,88.56,42,10,2.26
253,Luderitz,NA,2020-11-04 06:03:47,-26.65,15.16,61.56,85,49,7.25
254,Arlit,NE,2020-11-04 05:59:33,18.74,7.39,72.25,22,100,3.76
255,Tura,IN,2020-11-04 05:59:19,25.52,90.22,79.38,50,0,4.05
256,Santa Cruz De Tenerife,ES,2020-11-04 06:03:47,28.47,-16.25,69.01,88,75,3.36
257,Houma,US,2020-11-04 05:59:55,29.6,-90.72,48.0,93,1,3.18
258,Shelburne,CA,2020-11-04 06:03:47,44.08,-80.2,39.0,86,20,11.41
259,San Patricio,US,2020-11-04 06:00:00,28.02,-97.52,59.0,100,1,4.18
260,Marsh Harbour,BS,2020-11-04 06:00:14,26.54,-77.06,74.53,69,69,22.35
261,Lingyuan,CN,2020-11-04 06:03:48,41.24,119.4,55.2,32,0,15.68
262,Coquimbo,CL,2020-11-04 05:56:51,-29.95,-71.34,53.6,93,90,5.82
263,Rocha,UY,2020-11-04 06:03:48,-34.48,-54.33,46.78,87,0,2.51
264,Chifeng,CN,2020-11-04 06:03:48,42.27,118.96,52.0,37,2,12.37
265,Axim,GH,2020-11-04 06:03:48,4.87,-2.24,77.7,86,7,4.0
266,Sinnamary,GF,2020-11-04 06:03:48,5.38,-52.95,78.91,88,77,9.48
267,Sao Joao Da Barra,BR,2020-11-04 06:03:49,-21.64,-41.05,70.16,76,38,10.63
268,Askarovo,RU,2020-11-04 06:03:49,53.34,58.51,28.4,100,40,4.47
269,Lamu,KE,2020-11-04 06:03:49,-2.27,40.9,80.6,74,40,6.93
270,Pevek,RU,2020-11-04 05:59:25,69.7,170.31,-1.57,89,37,10.76
271,Tommot,RU,2020-11-04 06:03:49,58.96,126.29,18.55,94,100,9.98
272,Funtua,NG,2020-11-04 06:03:50,11.52,7.31,67.84,31,61,9.48
273,Hobart,AU,2020-11-04 05:55:16,-42.88,147.33,66.2,39,0,14.99
274,Broome,US,2020-11-04 06:03:50,42.25,-75.83,32.0,97,1,4.7
275,Nagato,JP,2020-11-04 05:59:04,34.38,131.2,60.8,36,20,11.41
276,Tromso,NO,2020-11-04 06:03:50,69.65,18.96,44.6,56,75,38.03
277,Port Moresby,PG,2020-11-04 06:03:50,-9.44,147.18,84.2,70,40,17.22
278,Diu,IN,2020-11-04 06:03:50,20.71,70.98,87.44,39,0,11.25
279,Kainantu,PG,2020-11-04 06:03:51,-6.29,145.87,62.28,96,100,2.59
280,Vanderbijlpark,ZA,2020-11-04 06:03:51,-26.71,27.84,64.99,72,89,1.99
281,Sao Filipe,CV,2020-11-04 05:59:28,14.9,-24.5,76.93,76,92,4.25
282,Varna,BG,2020-11-04 06:00:12,43.22,27.92,46.4,81,20,8.05
283,Yashkul,RU,2020-11-04 06:03:51,46.17,45.34,50.05,58,36,6.8
284,Florianopolis,BR,2020-11-04 05:59:15,-27.61,-48.5,62.6,77,0,10.29
285,Kungurtug,RU,2020-11-04 06:03:51,50.6,97.52,27.52,92,100,1.03
286,Chapais,CA,2020-11-04 05:59:57,49.78,-74.85,15.8,92,40,5.1
287,Pisco,PE,2020-11-04 05:59:33,-13.7,-76.22,62.6,82,0,6.93
288,Jalu,LY,2020-11-04 06:03:52,29.03,21.55,61.92,75,0,5.41
289,Nyurba,RU,2020-11-04 06:03:52,63.28,118.33,14.29,95,24,3.42
290,At-Bashi,KG,2020-11-04 06:03:52,41.17,75.81,40.39,48,0,2.71
291,Juneau,US,2020-11-04 06:00:10,58.3,-134.42,33.8,80,90,9.17
292,Guerrero Negro,MX,2020-11-04 05:59:32,27.98,-114.06,68.22,77,27,9.42
293,Umm Lajj,SA,2020-11-04 06:01:41,25.02,37.27,80.6,44,0,12.3
294,Surt,LY,2020-11-04 05:54:50,31.21,16.59,65.59,72,1,9.73
295,Hambantota,LK,2020-11-04 06:03:53,6.12,81.12,89.6,66,40,4.7
296,Nelson Bay,AU,2020-11-04 06:03:53,-32.72,152.15,78.8,47,0,9.17
297,Saint George,US,2020-11-04 06:03:53,37.1,-113.58,63.0,33,1,9.17
298,Meulaboh,ID,2020-11-04 05:59:34,4.14,96.13,82.89,72,100,5.44
299,Namatanai,PG,2020-11-04 05:59:54,-3.67,152.43,84.0,76,98,6.6
300,Yashiro,JP,2020-11-04 06:03:54,34.92,134.97,60.8,41,75,10.29
301,Chokurdakh,RU,2020-11-04 05:59:53,70.63,147.92,-17.19,80,0,2.17
302,Pokhara,NP,2020-11-04 06:03:54,28.23,83.98,78.78,32,0,5.26
303,Nouadhibou,MR,2020-11-04 06:03:54,20.93,-17.03,66.2,68,0,12.75
304,Komsomolskiy,UZ,2020-11-04 06:03:55,40.43,71.72,51.8,37,0,4.7
305,Vila,PT,2020-11-04 06:03:55,42.03,-8.16,37.99,89,6,1.01
306,Beidao,CN,2020-11-04 06:03:55,34.57,105.89,55.76,47,100,5.84
307,Road Town,VG,2020-11-04 06:03:55,18.42,-64.62,81.0,80,86,20.0
308,La Romana,DO,2020-11-04 06:03:45,18.43,-68.97,75.2,94,40,6.76
309,Quelimane,MZ,2020-11-04 06:03:55,-17.88,36.89,82.4,78,20,6.93
310,Tagusao,PH,2020-11-04 06:03:55,9.19,117.81,84.47,75,100,11.14
311,Aguie,NE,2020-11-04 06:03:55,13.51,7.78,79.43,18,97,11.1
312,Bud,US,2020-11-04 06:03:56,39.45,-86.18,45.0,70,1,4.7
313,Turukhansk,RU,2020-11-04 06:03:56,65.82,87.98,10.17,95,95,4.18
314,Warrington,GB,2020-11-04 06:03:56,53.39,-2.58,41.0,93,20,4.7
315,Aban,RU,2020-11-04 06:03:56,56.67,96.06,29.98,92,100,11.5
316,Belaya Gora,RU,2020-11-04 06:03:56,68.53,146.42,-16.8,80,0,4.74
317,Nerchinskiy Zavod,RU,2020-11-04 06:03:56,51.31,119.61,23.25,84,24,2.53
318,Zhenlai,CN,2020-11-04 06:03:57,45.85,123.3,39.47,51,0,9.78
319,Beloha,MG,2020-11-04 06:03:57,-25.17,45.05,89.1,32,0,7.52
320,Coihaique,CL,2020-11-04 06:03:57,-45.58,-72.07,51.8,71,0,4.7
321,Palanga,LT,2020-11-04 06:03:57,55.92,21.07,51.8,81,75,10.29
322,Wanning,CN,2020-11-04 06:03:57,18.8,110.4,77.85,72,92,18.72
323,Tazovskiy,RU,2020-11-04 06:03:57,67.47,78.7,7.5,96,100,10.33
324,Sassandra,CI,2020-11-04 06:03:58,4.95,-6.08,77.13,89,1,3.44
325,Istok,XK,2020-11-04 06:03:58,42.78,20.49,55.0,76,75,1.61
326,Runcorn,GB,2020-11-04 06:03:58,53.34,-2.73,46.99,93,20,4.7
327,Yumen,CN,2020-11-04 05:59:26,40.28,97.2,53.17,32,22,15.01
328,Skegness,GB,2020-11-04 06:03:58,53.14,0.34,41.0,84,0,4.7
329,Jieshi,CN,2020-11-04 06:03:58,22.81,115.83,81.0,51,3,19.44
330,Nara,JP,2020-11-04 06:03:58,34.69,135.8,63.0,41,75,8.05
331,Magadan,RU,2020-11-04 06:03:59,59.57,150.8,31.8,92,66,1.83
332,Calvinia,ZA,2020-11-04 06:03:59,-31.47,19.78,69.8,37,32,2.24
333,Estelle,US,2020-11-04 05:59:49,29.85,-90.11,55.99,100,20,2.19
334,Portobelo,PA,2020-11-04 06:03:59,9.55,-79.65,80.6,78,40,10.29
335,Joao Pinheiro,BR,2020-11-04 06:01:36,-17.74,-46.17,62.49,97,24,5.88
336,Greensburg,US,2020-11-04 06:03:59,40.3,-79.54,44.01,60,1,5.82
337,Oktyabrskoye,RU,2020-11-04 06:03:59,43.06,44.74,44.6,93,69,1.34
338,Maceio,BR,2020-11-04 06:00:47,-9.67,-35.74,77.0,88,75,4.7
339,Beringovskiy,RU,2020-11-04 06:04:00,63.05,179.32,27.03,92,86,12.44
340,Manokwari,ID,2020-11-04 06:04:00,-0.87,134.08,83.61,69,95,2.62
341,Ajdabiya,LY,2020-11-04 06:04:00,30.76,20.23,66.16,71,10,2.93
342,Ha Giang,VN,2020-11-04 06:04:00,22.83,104.98,77.95,47,91,1.68
343,Junagarh,IN,2020-11-04 06:04:00,19.87,82.93,83.79,57,0,4.23
344,San Cristobal,VE,2020-11-04 05:59:32,7.77,-72.22,66.38,92,95,1.39
345,Marystown,CA,2020-11-04 06:04:01,47.17,-55.15,36.0,100,100,24.36
346,Rusape,ZW,2020-11-04 06:04:01,-18.53,32.13,76.55,46,74,7.58
347,Tokamachi,JP,2020-11-04 06:04:01,37.13,138.77,53.01,92,100,5.55
348,Lagoa,PT,2020-11-04 06:04:01,39.05,-27.98,61.18,69,87,16.8
349,Betioky,MG,2020-11-04 06:04:01,-23.72,44.38,87.85,40,0,5.48
350,Ponnani,IN,2020-11-04 06:04:01,10.77,75.93,84.2,74,40,2.24
351,Dunedin,NZ,2020-11-04 05:59:19,-45.87,170.5,60.01,76,0,11.01
352,Fort Nelson,CA,2020-11-04 06:04:02,58.81,-122.7,10.4,92,90,5.82
353,Apac,UG,2020-11-04 06:04:02,1.98,32.54,72.68,74,14,4.52
354,Kashi,CN,2020-11-04 06:04:02,39.45,75.98,55.4,22,0,4.47
355,Burgersdorp,ZA,2020-11-04 06:04:02,-31.0,26.33,70.38,50,63,6.11
356,Homer,US,2020-11-04 06:02:17,59.64,-151.55,23.0,47,1,6.93
357,Zhigalovo,RU,2020-11-04 06:04:02,54.81,105.16,30.65,93,100,4.68
358,Tahoua,NE,2020-11-04 06:04:03,14.89,5.27,77.0,17,55,6.93
359,Arys,KZ,2020-11-04 06:04:03,42.43,68.8,57.2,17,0,9.64
360,Huangmei,CN,2020-11-04 06:04:03,30.19,116.03,65.12,43,0,6.71
361,Haines Junction,CA,2020-11-04 06:04:03,60.75,-137.51,-2.2,84,99,2.33
362,Abu Dhabi,AE,2020-11-04 06:04:03,24.47,54.37,80.6,65,0,3.36
363,Aureliana,PH,2020-11-04 06:04:03,10.89,121.98,83.53,74,100,4.81
364,Dingle,PH,2020-11-04 06:04:04,11.0,122.67,84.36,76,100,4.09
365,Novikovo,RU,2020-11-04 06:04:04,51.15,37.89,47.23,92,2,3.58
366,Lazaro Cardenas,MX,2020-11-04 06:00:06,17.96,-102.2,75.78,55,14,4.36
367,Lorengau,PG,2020-11-04 05:59:29,-2.02,147.27,84.58,73,89,3.91
368,Primorsk,UA,2020-11-04 06:04:04,46.73,36.34,54.73,81,92,16.84
369,Lieksa,FI,2020-11-04 06:04:04,63.32,30.02,42.48,89,32,13.42
370,Znamenskoye,RU,2020-11-04 06:04:04,57.13,73.83,33.04,88,100,12.66
371,Sabha,LY,2020-11-04 06:02:20,27.04,14.43,60.26,51,2,9.64
372,Ugoofaaru,MV,2020-11-04 06:04:05,5.67,73.0,82.44,66,4,2.84
373,Sur,OM,2020-11-04 06:04:05,22.57,59.53,82.45,23,0,4.07
374,Brazzaville,CG,2020-11-04 06:04:05,-4.27,15.28,78.8,88,75,2.24
375,Pueblo,US,2020-11-04 06:01:01,38.25,-104.61,51.01,46,1,5.82
376,Iqaluit,CA,2020-11-04 05:59:34,63.75,-68.51,8.6,78,40,29.97
377,Havoysund,NO,2020-11-04 06:04:06,71.0,24.66,41.0,65,20,13.87
378,Santa Rosa,PH,2020-11-04 06:04:06,14.31,121.11,87.01,70,75,8.05
379,Kupang,ID,2020-11-04 06:01:33,-10.17,123.58,89.85,51,26,10.42
380,Akdepe,TM,2020-11-04 06:04:06,42.06,59.38,55.4,28,0,13.87
381,Tilichiki,RU,2020-11-04 06:04:06,60.47,166.1,35.83,100,100,23.31
382,Carlsbad,US,2020-11-04 06:00:10,33.16,-117.35,61.0,100,1,1.43
383,Saint Anthony,US,2020-11-04 06:04:06,45.02,-93.22,57.2,50,1,4.7
384,Morros,BR,2020-11-04 06:04:07,-9.45,-46.3,70.34,96,100,3.0
385,Young,UY,2020-11-04 06:04:07,-32.68,-57.63,52.86,90,0,10.49
386,Saint-Joseph,RE,2020-11-04 05:59:42,-21.37,55.62,78.8,47,0,14.99
387,Hofn,IS,2020-11-04 06:04:07,64.25,-15.21,44.19,60,100,9.19
388,Ambilobe,MG,2020-11-04 05:59:52,-13.2,49.05,90.5,34,4,4.79
389,Itapaci,BR,2020-11-04 06:04:07,-14.95,-49.55,69.64,86,94,1.25
390,Tessalit,ML,2020-11-04 06:02:06,20.2,1.01,71.69,22,87,13.87
391,Isla Mujeres,MX,2020-11-04 06:04:08,21.23,-86.73,77.0,88,90,12.75
392,Trinidad,BO,2020-11-04 06:04:08,-14.83,-64.9,80.29,49,88,2.93
393,Morag,PL,2020-11-04 06:04:08,53.92,19.93,46.0,88,81,9.24
394,Belmonte,BR,2020-11-04 06:04:08,-15.86,-38.88,66.2,93,90,5.82
395,Sijunjung,ID,2020-11-04 06:01:22,-0.69,100.95,85.62,58,100,0.67
396,Boa Vista,BR,2020-11-04 06:04:09,2.82,-60.67,80.6,78,75,2.24
397,Rio Gallegos,AR,2020-11-04 06:04:09,-51.62,-69.22,44.6,93,90,9.17
398,Baykit,RU,2020-11-04 06:04:09,61.67,96.37,21.58,93,100,8.3
399,Ponta Delgada,PT,2020-11-04 06:04:09,37.73,-25.67,59.0,67,75,6.93
400,Kimbe,PG,2020-11-04 06:04:09,-5.55,150.14,78.51,89,100,5.14
401,Jumla,NP,2020-11-04 05:59:27,29.27,82.18,61.23,28,0,5.91
402,Sioux Lookout,CA,2020-11-04 06:01:04,50.1,-91.92,33.8,94,5,4.7
403,Berlevag,NO,2020-11-04 06:04:10,70.86,29.09,40.19,71,0,16.51
404,Port Macquarie,AU,2020-11-04 06:04:10,-31.43,152.92,75.99,51,30,1.01
405,Petropavlovka,RU,2020-11-04 06:04:10,50.61,105.32,36.19,73,84,1.34
406,Miraflores,MX,2020-11-04 06:04:10,19.22,-98.81,53.6,66,5,10.29
407,Kensington,AU,2020-11-04 06:04:10,-33.92,151.22,78.01,50,0,21.92
408,Ekimchan,RU,2020-11-04 06:04:10,53.07,132.97,15.37,86,79,9.42
409,Bandar,ID,2020-11-04 06:04:11,2.05,99.75,86.05,63,100,2.86
410,Kavaratti,IN,2020-11-04 05:59:32,10.57,72.64,82.74,70,0,4.27
411,Evensk,RU,2020-11-04 06:04:11,61.95,159.23,29.82,98,100,16.02
412,Itoman,JP,2020-11-04 06:04:11,26.12,127.67,75.2,57,75,19.46
413,Port Augusta,AU,2020-11-04 06:04:12,-32.5,137.77,64.99,72,90,14.99
414,Ketchikan,US,2020-11-04 05:54:47,55.34,-131.65,39.2,93,75,3.36
415,Markova,UA,2020-11-04 06:04:12,48.68,24.41,48.2,100,90,6.71
416,Verkhnevilyuysk,RU,2020-11-04 05:59:52,63.45,120.32,13.23,94,71,3.94
417,Luwuk,ID,2020-11-04 06:04:13,-0.95,122.79,83.59,69,98,4.27
418,Nome,US,2020-11-04 05:59:42,64.5,-165.41,24.8,73,20,20.8
419,Skibbereen,IE,2020-11-04 06:04:13,51.55,-9.27,39.2,86,20,10.29
420,Leander,US,2020-11-04 05:59:37,30.58,-97.85,59.0,50,1,5.82
421,Arimis,HN,2020-11-04 06:04:13,14.78,-86.0,71.6,100,90,6.22
422,Baghdad,IQ,2020-11-04 06:01:10,33.34,44.4,71.6,49,0,4.7
423,Nalchik,RU,2020-11-04 06:04:14,43.5,43.62,41.0,93,75,2.24
424,Kontagora,NG,2020-11-04 06:04:14,10.4,5.47,73.22,35,61,4.09
425,Isangel,VU,2020-11-04 06:04:14,-19.55,169.27,77.5,82,100,6.53
426,Stillwater,US,2020-11-04 06:02:06,36.12,-97.06,59.0,50,1,9.17
427,Sistranda,NO,2020-11-04 06:04:14,63.73,8.83,42.8,87,75,26.4
428,Ekhabi,RU,2020-11-04 06:04:14,53.51,142.97,23.13,94,100,24.99
429,Jonkoping,SE,2020-11-04 06:01:15,57.78,14.16,41.0,100,57,8.05
430,Riyadh,SA,2020-11-04 05:58:40,24.69,46.72,68.0,37,0,5.3
431,Coffs Harbour,AU,2020-11-04 06:04:15,-30.3,153.13,72.0,56,11,12.75
432,Walvis Bay,NA,2020-11-04 05:59:40,-22.96,14.51,55.99,100,0,1.12
433,Oskaloosa,US,2020-11-04 06:04:15,41.3,-92.64,59.0,58,1,11.41
434,Ixtapa,MX,2020-11-04 06:04:15,20.7,-105.2,75.99,73,5,3.42
435,Moose Factory,CA,2020-11-04 06:04:16,51.26,-80.61,26.6,85,90,6.93
436,Montes Altos,BR,2020-11-04 06:04:16,-5.83,-47.07,71.24,94,100,1.43
437,Dera Bugti,PK,2020-11-04 06:04:16,29.03,69.15,82.9,12,0,3.53
438,Puerto Baquerizo Moreno,EC,2020-11-04 06:02:33,-0.9,-89.6,68.32,80,88,9.8
439,Cedar Rapids,US,2020-11-04 06:01:05,42.01,-91.64,57.0,64,0,4.0
440,Mangrol,IN,2020-11-04 06:04:16,21.12,70.12,87.26,42,0,4.43
441,General Roca,AR,2020-11-04 06:04:16,-39.03,-67.58,69.8,43,0,8.61
442,Vitim,RU,2020-11-04 06:04:17,59.45,112.56,26.51,95,100,8.75
443,Thinadhoo,MV,2020-11-04 06:04:17,0.53,72.93,83.62,67,7,5.93
444,Chumikan,RU,2020-11-04 06:04:17,54.72,135.31,17.24,90,0,31.68
445,Fengcheng,CN,2020-11-04 06:04:17,40.45,124.07,47.17,48,1,7.78
446,Ullapool,GB,2020-11-04 06:04:17,57.9,-5.16,45.0,54,80,3.0
447,Tual,ID,2020-11-04 05:59:38,-5.67,132.75,81.63,77,100,10.71
448,Honningsvag,NO,2020-11-04 06:02:19,70.98,25.97,41.0,65,20,13.87
449,Kifri,IQ,2020-11-04 06:04:18,34.7,44.97,81.55,23,44,9.69
450,Dusti,TJ,2020-11-04 06:04:18,37.35,68.66,64.4,23,0,4.47
451,Manggar,ID,2020-11-04 06:04:18,-2.88,108.27,84.58,72,79,9.4
452,Mazagao,BR,2020-11-04 06:04:18,-0.12,-51.29,75.2,100,90,4.7
453,Labrea,BR,2020-11-04 06:04:18,-7.26,-64.8,73.56,96,99,1.14
454,Campoverde,PE,2020-11-04 06:04:18,-8.48,-74.81,75.06,76,45,4.07
455,Vao,NC,2020-11-04 06:04:19,-22.67,167.48,73.54,85,100,3.36
456,Carutapera,BR,2020-11-04 06:04:19,-1.2,-46.02,78.15,85,100,7.25
457,Paamiut,GL,2020-11-04 06:04:19,61.99,-49.67,34.2,86,100,29.28
458,Tuatapere,NZ,2020-11-04 06:04:19,-46.13,167.68,62.01,80,47,5.99
459,Clyde River,CA,2020-11-04 06:04:19,70.47,-68.59,3.2,77,40,14.99
460,Verkhnyaya Inta,RU,2020-11-04 06:04:19,65.98,60.31,38.53,96,100,21.94
461,Bubaque,GW,2020-11-04 06:04:19,11.28,-15.83,84.09,75,15,13.27
462,Raudeberg,NO,2020-11-04 06:04:20,61.99,5.14,44.6,81,75,11.41
463,Ingham,US,2020-11-04 06:04:20,42.6,-84.38,51.8,53,1,6.93
464,Xapuri,BR,2020-11-04 06:04:20,-10.65,-68.5,74.16,58,15,0.65
465,Kuminskiy,RU,2020-11-04 06:04:20,58.67,66.57,36.09,78,94,13.24
466,Tera,NE,2020-11-04 06:04:20,14.01,0.75,79.57,29,69,8.34
467,Sitka,US,2020-11-04 05:59:48,57.05,-135.33,37.4,86,75,10.29
468,Batouri,CM,2020-11-04 06:04:21,4.43,14.37,70.14,93,33,2.35
469,Alugan,PH,2020-11-04 06:04:21,12.22,125.48,81.03,85,100,11.65
470,Yerbogachen,RU,2020-11-04 05:59:36,61.28,108.01,20.23,95,99,9.51
471,Neyyattinkara,IN,2020-11-04 06:04:21,8.4,77.08,87.8,70,40,1.12
472,Maumere,ID,2020-11-04 06:04:21,-8.62,122.21,86.76,65,35,1.79
473,Ryotsu,JP,2020-11-04 06:03:50,38.08,138.43,50.0,76,75,13.87
474,Pitiquito,MX,2020-11-04 06:04:22,30.7,-112.08,72.23,32,98,1.03
475,Angoche,MZ,2020-11-04 06:04:22,-16.23,39.91,83.1,62,31,9.73
476,Comodoro Rivadavia,AR,2020-11-04 05:58:25,-45.87,-67.5,51.8,87,0,5.79
477,Susa,TN,2020-11-04 06:04:22,35.83,10.64,62.01,100,0,8.86
478,Divnomorskoye,RU,2020-11-04 06:04:22,44.5,38.14,57.43,68,100,10.22
479,Bonavista,CA,2020-11-04 06:04:22,48.65,-53.11,39.0,86,84,3.36
480,Krasnyy Chikoy,RU,2020-11-04 06:04:23,50.36,108.75,33.89,83,41,1.36
481,College,US,2020-11-04 05:59:19,64.86,-147.8,-22.0,67,20,0.76
482,Martapura,ID,2020-11-04 06:04:23,-3.42,114.85,92.64,51,91,2.59
483,Acajutla,SV,2020-11-04 06:04:17,13.59,-89.83,77.36,70,97,6.91
484,Mananjary,MG,2020-11-04 06:04:23,-21.22,48.33,77.22,62,54,7.94
485,Margate,GB,2020-11-04 05:59:51,51.38,1.39,51.01,66,0,1.99
486,Verkhoyansk,RU,2020-11-04 06:04:24,67.54,133.38,-15.03,85,1,1.68
487,Constantine,DZ,2020-11-04 06:04:24,36.37,6.61,46.4,81,0,3.0
488,Pemangkat,ID,2020-11-04 06:04:24,1.17,108.97,82.65,72,100,5.86
489,Andros,GR,2020-11-04 06:04:24,37.83,24.93,66.99,69,69,11.99
490,Longford,IE,2020-11-04 06:04:24,53.73,-7.8,38.86,90,7,5.55
491,Griffith,US,2020-11-04 06:01:38,41.53,-87.42,55.4,58,1,12.75
492,Wenchi,GH,2020-11-04 06:04:24,7.74,-2.1,70.27,92,0,3.18
493,Marquette,US,2020-11-04 06:04:25,46.53,-87.63,44.6,65,1,3.36
494,Kiunga,PG,2020-11-04 06:04:25,-6.12,141.29,74.44,98,100,1.16
495,Tabou,CI,2020-11-04 06:04:25,4.42,-7.35,77.97,88,8,8.1
496,Phetchabun,TH,2020-11-04 06:04:25,16.25,101.08,86.0,55,40,3.36
497,Barcelos,PT,2020-11-04 06:03:13,41.54,-8.62,46.4,75,0,8.05
498,Merritt Island,US,2020-11-04 06:04:25,28.54,-80.67,72.0,68,100,10.45
499,La Palma,US,2020-11-04 06:04:26,33.85,-118.05,64.4,72,1,1.9
500,Namibe,AO,2020-11-04 06:04:26,-15.2,12.15,68.7,68,0,7.49
501,Asyut,EG,2020-11-04 06:04:26,27.18,31.18,68.22,58,0,3.38
502,Puerto Escondido,MX,2020-11-04 05:59:24,15.85,-97.07,77.0,73,5,5.82
503,Northam,GB,2020-11-04 06:04:26,51.03,-4.22,42.01,97,2,6.85
504,Berberati,CF,2020-11-04 06:04:26,4.26,15.79,69.8,94,0,6.93
505,Iquitos,PE,2020-11-04 06:04:26,-3.75,-73.25,75.02,89,100,1.1
506,Nizhnyaya Tavda,RU,2020-11-04 06:04:27,57.67,66.17,35.55,81,26,11.88
507,Araceli,PH,2020-11-04 06:04:27,10.55,119.99,83.5,77,100,11.68
508,Lompoc,US,2020-11-04 06:02:57,34.64,-120.46,57.2,93,90,7.27
509,Plouzane,FR,2020-11-04 05:59:58,48.38,-4.62,42.8,100,0,4.7
510,Kholtoson,RU,2020-11-04 06:04:27,50.3,103.31,32.79,79,98,1.86
511,Biltine,TD,2020-11-04 06:04:27,14.53,20.92,79.52,23,1,20.65
512,Bay Roberts,CA,2020-11-04 06:04:27,47.6,-53.26,45.0,100,90,25.28
513,Weihai,CN,2020-11-04 06:04:28,37.5,122.11,57.43,35,0,8.39
514,Yinchuan,CN,2020-11-04 06:00:41,38.47,106.27,56.07,31,3,0.85
515,Kyrylivka,UA,2020-11-04 06:04:28,46.38,35.37,56.53,83,80,16.58
516,Shingu,JP,2020-11-04 06:00:22,33.73,135.98,60.8,44,20,13.87
517,Kebumen,ID,2020-11-04 06:04:28,-7.67,109.65,75.99,69,60,7.2
518,Jiaojiang,CN,2020-11-04 06:04:28,28.68,121.44,69.01,60,81,9.6
519,Buta,CD,2020-11-04 06:04:28,2.79,24.73,75.22,89,91,1.05
520,Talnakh,RU,2020-11-04 06:04:29,69.49,88.4,-4.0,83,83,2.24
521,Plastun,RU,2020-11-04 06:04:29,44.76,136.29,37.6,63,0,16.06
522,Eldorado,BR,2020-11-04 06:04:29,-23.79,-54.28,64.62,54,0,1.61
523,Mujiayingzi,CN,2020-11-04 06:00:14,42.12,118.78,50.54,39,3,13.09
524,Rafai,CF,2020-11-04 06:04:29,4.95,23.92,74.68,88,100,1.7
525,Marzuq,YE,2020-11-04 06:04:29,14.4,46.47,72.34,20,0,4.23
526,Eyl,SO,2020-11-04 06:04:29,7.98,49.82,82.94,54,39,15.14
527,Matara,LK,2020-11-04 06:04:30,5.95,80.54,88.23,62,17,6.31
528,Inhambane,MZ,2020-11-04 06:04:30,-23.86,35.38,78.8,74,20,9.17
529,Carauari,BR,2020-11-04 06:01:37,-4.88,-66.9,73.99,95,95,0.6
530,North Battleford,CA,2020-11-04 05:59:58,52.78,-108.28,41.0,75,90,8.05
531,Cockburn Town,TC,2020-11-04 05:59:28,21.46,-71.14,82.0,77,100,15.46
532,Les Herbiers,FR,2020-11-04 06:04:30,46.87,-1.02,36.0,100,71,2.24
533,Itarema,BR,2020-11-04 06:04:30,-2.92,-39.92,78.6,82,85,8.61
534,Vilyuysk,RU,2020-11-04 06:04:31,63.76,121.62,9.73,96,100,3.44
535,Aitape,PG,2020-11-04 06:04:31,-3.14,142.35,83.62,81,100,6.64
536,Baiyin,CN,2020-11-04 06:04:31,36.56,104.21,46.4,42,0,4.47
537,Mitu,CO,2020-11-04 06:04:31,1.2,-70.17,72.73,98,100,1.77
538,Celestun,MX,2020-11-04 05:59:38,20.87,-90.4,74.86,77,85,14.43
539,Cardston,CA,2020-11-04 06:04:31,49.2,-113.3,55.4,59,46,10.29
540,Austin,US,2020-11-04 06:03:41,30.27,-97.74,59.0,47,1,3.36
541,Sambava,MG,2020-11-04 06:04:32,-14.27,50.17,78.44,61,67,12.3
542,Sao Geraldo Do Araguaia,BR,2020-11-04 06:04:32,-6.4,-48.55,70.63,94,99,1.79
543,Milford,US,2020-11-04 06:04:32,41.22,-73.06,39.2,55,75,8.05
544,Santa Fe,AR,2020-11-04 06:04:32,-31.63,-60.7,66.0,60,0,1.99
545,Ankang,CN,2020-11-04 06:04:32,32.68,109.02,68.67,38,65,2.62
546,Keti Bandar,PK,2020-11-04 06:04:32,24.14,67.45,84.18,39,0,14.63
547,Humberto De Campos,BR,2020-11-04 06:04:32,-2.6,-43.46,75.11,91,98,3.24
548,Mackenzie,CA,2020-11-04 06:04:33,55.3,-123.17,41.0,93,75,9.17
549,Kahului,US,2020-11-04 05:59:46,20.89,-156.47,80.6,74,40,16.11
550,Catuday,PH,2020-11-04 06:04:33,16.29,119.81,82.62,75,84,9.31
551,Leningradskiy,RU,2020-11-04 06:04:33,69.38,178.42,3.33,84,33,9.19
552,Paragould,US,2020-11-04 06:04:34,36.06,-90.5,51.01,81,1,7.92
553,Husavik,IS,2020-11-04 05:59:32,66.04,-17.34,42.8,70,75,19.46
554,Radovis,MK,2020-11-04 06:01:30,41.64,22.46,50.0,89,65,4.0
555,Huai Thalaeng,TH,2020-11-04 06:04:34,15.0,102.65,86.0,74,75,9.17
556,Ravar,IR,2020-11-04 06:04:34,31.27,56.81,72.81,17,0,3.6
557,Taketa,JP,2020-11-04 06:04:34,32.97,131.38,57.0,52,0,5.01
558,Fremont,US,2020-11-04 05:59:36,37.55,-121.99,57.2,82,1,1.32
559,Salo,IT,2020-11-04 06:04:35,45.61,10.53,54.0,100,73,2.24
560,Peterhead,GB,2020-11-04 06:04:35,57.51,-1.8,48.0,87,75,10.29
561,Mirnyy,RU,2020-11-04 06:04:35,62.54,113.96,19.4,79,75,6.71
562,Cortez,US,2020-11-04 06:04:35,37.35,-108.59,46.0,48,1,6.93
563,Sayyan,YE,2020-11-04 05:59:48,15.17,44.32,58.08,30,0,2.19
564,Saint-Georges,GD,2020-11-04 06:04:35,12.06,-61.75,80.6,78,20,13.87
565,Pryazha,RU,2020-11-04 06:04:35,61.69,33.62,46.4,87,90,11.18
566,Ust-Tsilma,RU,2020-11-04 06:04:36,65.44,52.15,43.03,87,95,10.0
567,Severodvinsk,RU,2020-11-04 06:04:36,64.56,39.83,44.6,87,75,6.71
568,Burnie,AU,2020-11-04 05:59:27,-41.07,145.92,59.0,48,38,18.99
569,Seoul,KR,2020-11-04 06:01:33,37.57,126.98,50.0,18,1,8.14
570,Zhangye,CN,2020-11-04 05:59:58,38.93,100.45,50.83,36,24,2.17
571,Paralimni,CY,2020-11-04 06:04:36,35.04,33.98,69.01,68,20,3.36
572,Paita,PE,2020-11-04 06:04:36,-5.09,-81.11,60.96,84,30,8.37
573,Hoopstad,ZA,2020-11-04 06:04:37,-27.83,25.91,68.94,51,85,3.15
574,Moba,CN,2020-11-04 06:04:37,33.23,105.02,41.95,76,100,4.52
575,Namwala,ZM,2020-11-04 06:04:37,-15.75,26.44,70.93,73,100,7.0
576,Itaituba,BR,2020-11-04 06:01:27,-4.28,-55.98,75.07,91,98,1.99
577,Kamenka,RU,2020-11-04 06:04:37,51.32,42.77,45.14,79,55,8.88
578,Portland,US,2020-11-04 06:00:13,45.52,-122.68,61.0,93,75,4.7
579,Balkanabat,TM,2020-11-04 06:04:38,39.51,54.37,75.29,15,7,15.66
580,Kyshtovka,RU,2020-11-04 06:04:38,56.55,76.63,32.32,87,96,17.52
